temp,rain_1h,snow_1h,clouds_all,Traffic Volume
284.28,0.0,0.0,75,280.3972618844985
291.95,0.0,0.0,0,2136.677631353872
