temp,rain_1h,snow_1h,clouds_all,Traffic Volume
284.28,0.0,0.0,75,269.3863813822591
293.51,6.94,0.0,90,352.471822746254
