temp,rain_1h,snow_1h,clouds_all,Traffic Volume
284.28,0.0,0.0,75,280.39726188449947
293.51,6.94,0.0,90,364.12816852843304
